,ds,trend,yhat_lower,yhat_upper,trend_lower,trend_upper,additive_terms,additive_terms_lower,additive_terms_upper,weekly,weekly_lower,weekly_upper,multiplicative_terms,multiplicative_terms_lower,multiplicative_terms_upper,yhat
0,2020-03-16,65.5923841301337,-28.482092040101776,142.24292923157364,65.5923841301337,65.5923841301337,-5.865511429697004,-5.865511429697004,-5.865511429697004,-5.865511429697004,-5.865511429697004,-5.865511429697004,0.0,0.0,0.0,59.726872700436694
1,2020-03-17,67.3878411007947,-26.3281455609737,148.25990980924112,67.3878411007947,67.3878411007947,-2.3886757936612573,-2.3886757936612573,-2.3886757936612573,-2.3886757936612573,-2.3886757936612573,-2.3886757936612573,0.0,0.0,0.0,64.99916530713344
2,2020-03-18,69.18329807145571,-20.854005917258963,146.1154666663815,69.18329807145571,69.18329807145571,-3.4960425671410564,-3.4960425671410564,-3.4960425671410564,-3.4960425671410564,-3.4960425671410564,-3.4960425671410564,0.0,0.0,0.0,65.68725550431465
3,2020-03-19,70.97875504211672,-23.733908109660085,154.96510544343806,70.97875504211672,70.97875504211672,-3.8448379769092544,-3.8448379769092544,-3.8448379769092544,-3.8448379769092544,-3.8448379769092544,-3.8448379769092544,0.0,0.0,0.0,67.13391706520746
4,2020-03-20,72.77421201277772,-21.760976092919172,152.7713056986091,72.77421201277772,72.77421201277772,-7.760561843359966,-7.760561843359966,-7.760561843359966,-7.760561843359966,-7.760561843359966,-7.760561843359966,0.0,0.0,0.0,65.01365016941776
5,2020-03-23,78.16058292476075,-12.872962194727428,158.2444283315777,78.16058292476075,78.16058292476075,-5.865511429690019,-5.865511429690019,-5.865511429690019,-5.865511429690019,-5.865511429690019,-5.865511429690019,0.0,0.0,0.0,72.29507149507073
6,2020-03-24,79.95603989542175,-7.154779376021581,160.75522509237956,79.95603989542175,79.95603989542175,-2.388675793641436,-2.388675793641436,-2.388675793641436,-2.388675793641436,-2.388675793641436,-2.388675793641436,0.0,0.0,0.0,77.56736410178031
7,2020-03-25,81.75149686608275,-14.658463164371058,163.4147216993042,81.75149686608275,81.75149686608275,-3.4960425671361337,-3.4960425671361337,-3.4960425671361337,-3.4960425671361337,-3.4960425671361337,-3.4960425671361337,0.0,0.0,0.0,78.25545429894662
8,2020-03-26,83.54695383674377,-18.032670673875703,164.05020076355567,83.54695383674377,83.54695383674377,-3.8448379769257714,-3.8448379769257714,-3.8448379769257714,-3.8448379769257714,-3.8448379769257714,-3.8448379769257714,0.0,0.0,0.0,79.702115859818
9,2020-03-27,85.34241079567678,-8.99309061022635,161.81625873573165,85.34241079567678,85.34241079567678,-7.760561843346883,-7.760561843346883,-7.760561843346883,-7.760561843346883,-7.760561843346883,-7.760561843346883,0.0,0.0,0.0,77.5818489523299
10,2020-03-30,90.72878167247585,-2.985344340903896,176.00578505985052,90.72878167247585,90.72878167247585,-5.865511429722856,-5.865511429722856,-5.865511429722856,-5.865511429722856,-5.865511429722856,-5.865511429722856,0.0,0.0,0.0,84.86327024275299
11,2020-03-31,92.52423863140886,-0.9331506891429311,178.23877556878904,92.52423863140886,92.52423863140886,-2.388675793673501,-2.388675793673501,-2.388675793673501,-2.388675793673501,-2.388675793673501,-2.388675793673501,0.0,0.0,0.0,90.13556283773536
12,2020-04-01,94.3196955903419,5.153725818996493,183.32745864557774,94.3196955903419,94.3196955903419,-3.496042567137327,-3.496042567137327,-3.496042567137327,-3.496042567137327,-3.496042567137327,-3.496042567137327,0.0,0.0,0.0,90.82365302320457
13,2020-04-02,96.11515254927491,1.040547557934161,178.01862568960127,96.11515254927491,96.11515254927491,-3.8448379769245924,-3.8448379769245924,-3.8448379769245924,-3.8448379769245924,-3.8448379769245924,-3.8448379769245924,0.0,0.0,0.0,92.27031457235032
14,2020-04-03,97.91060950820791,-2.337170025037204,175.2036768773791,97.91060950820791,97.91060950820791,-7.760561843351508,-7.760561843351508,-7.760561843351508,-7.760561843351508,-7.760561843351508,-7.760561843351508,0.0,0.0,0.0,90.1500476648564
15,2020-04-06,103.29698038500698,11.734432873877001,185.25218081605175,103.29698038500698,103.29698038500698,-5.865511429715871,-5.865511429715871,-5.865511429715871,-5.865511429715871,-5.865511429715871,-5.865511429715871,0.0,0.0,0.0,97.43146895529111
16,2020-04-07,105.09243734394,15.08003395383387,184.55205702527707,105.09243734394,105.09243734394,-2.3886757936657093,-2.3886757936657093,-2.3886757936657093,-2.3886757936657093,-2.3886757936657093,-2.3886757936657093,0.0,0.0,0.0,102.7037615502743
17,2020-04-08,106.88789431699477,22.87462120738951,183.76115759758534,106.88789431699477,106.88789431699477,-3.4960425671385176,-3.4960425671385176,-3.4960425671385176,-3.4960425671385176,-3.4960425671385176,-3.4960425671385176,0.0,0.0,0.0,103.39185174985626
18,2020-04-09,108.68335129004957,20.378793042044506,194.96764398859884,108.68335129004957,108.68335129004957,-3.8448379769322605,-3.8448379769322605,-3.8448379769322605,-3.8448379769322605,-3.8448379769322605,-3.8448379769322605,0.0,0.0,0.0,104.83851331311732
19,2020-04-13,115.86517918226866,21.972245453528743,194.01914828970362,115.86517918226866,115.86517918226866,-5.865511429708887,-5.865511429708887,-5.865511429708887,-5.865511429708887,-5.865511429708887,-5.865511429708887,0.0,0.0,0.0,109.99966775255977
20,2020-04-14,117.66063615532344,27.558237979231503,203.87264100839408,117.66063615532344,117.66063615532344,-2.3886757936579186,-2.3886757936579186,-2.3886757936579186,-2.3886757936579186,-2.3886757936579186,-2.3886757936579186,0.0,0.0,0.0,115.27196036166552
21,2020-04-15,119.45609312837821,28.497648874781337,198.66509469707907,119.45609312837821,119.45609312837821,-3.496042567139709,-3.496042567139709,-3.496042567139709,-3.496042567139709,-3.496042567139709,-3.496042567139709,0.0,0.0,0.0,115.9600505612385
22,2020-04-16,121.25155010143303,29.161315658616715,210.80817923942013,121.25155010143303,121.25155010143303,-3.8448379769087873,-3.8448379769087873,-3.8448379769087873,-3.8448379769087873,-3.8448379769087873,-3.8448379769087873,0.0,0.0,0.0,117.40671212452423
23,2020-04-17,123.04700707448777,26.92426350216964,200.69161202662502,123.04700707448777,123.04700707448777,-7.760561843325346,-7.760561843325346,-7.760561843325346,-7.760561843325346,-7.760561843325346,-7.760561843325346,0.0,0.0,0.0,115.28644523116242
24,2020-04-20,128.43337799365213,36.8872129101207,203.47883514252246,128.43337799365213,128.43337799365213,-5.865511429721814,-5.865511429721814,-5.865511429721814,-5.865511429721814,-5.865511429721814,-5.865511429721814,0.0,0.0,0.0,122.56786656393031
25,2020-04-21,130.2288352254085,40.73869029911989,210.43380805963574,130.2288352254085,130.2288352254085,-2.388675793677954,-2.388675793677954,-2.388675793677954,-2.388675793677954,-2.388675793677954,-2.388675793677954,0.0,0.0,0.0,127.84015943173054
26,2020-04-22,132.02429245716485,44.558212462064986,217.90267380757908,132.02429245716485,132.02429245716485,-3.496042567139133,-3.496042567139133,-3.496042567139133,-3.496042567139133,-3.496042567139133,-3.496042567139133,0.0,0.0,0.0,128.5282498900257
27,2020-04-23,133.8197496889212,38.94418432882807,218.3747499560863,133.8197496889212,133.8197496889212,-3.8448379769164545,-3.8448379769164545,-3.8448379769164545,-3.8448379769164545,-3.8448379769164545,-3.8448379769164545,0.0,0.0,0.0,129.97491171200474
28,2020-04-24,135.6152069206776,45.131385541485024,216.81287647058386,135.6152069206776,135.6152069206776,-7.760561843329971,-7.760561843329971,-7.760561843329971,-7.760561843329971,-7.760561843329971,-7.760561843329971,0.0,0.0,0.0,127.85464507734763
29,2020-04-27,141.00157861594673,49.15197710820951,222.16463257511734,141.00157861594673,141.00157861594673,-5.865511429688512,-5.865511429688512,-5.865511429688512,-5.865511429688512,-5.865511429688512,-5.865511429688512,0.0,0.0,0.0,135.1360671862582
30,2020-04-28,142.79703584770309,58.63930094256618,220.44041280838294,142.79703584770309,142.79703584770309,-2.388675793682193,-2.388675793682193,-2.388675793682193,-2.388675793682193,-2.388675793682193,-2.388675793682193,0.0,0.0,0.0,140.4083600540209
31,2020-04-29,144.59249307945944,59.071987052782575,231.52363740397502,144.59249307945944,144.59249307945944,-3.49604256714209,-3.49604256714209,-3.49604256714209,-3.49604256714209,-3.49604256714209,-3.49604256714209,0.0,0.0,0.0,141.09645051231735
32,2020-04-30,146.38795031121583,57.714273189157886,224.62918595002344,146.38795031121583,146.38795031121583,-3.8448379769152776,-3.8448379769152776,-3.8448379769152776,-3.8448379769152776,-3.8448379769152776,-3.8448379769152776,0.0,0.0,0.0,142.54311233430056
33,2020-05-01,148.18340786014764,55.49401773028823,226.3281630087319,148.18340786014764,148.18340786014764,-7.760561843349028,-7.760561843349028,-7.760561843349028,-7.760561843349028,-7.760561843349028,-7.760561843349028,0.0,0.0,0.0,140.42284601679862
34,2020-05-04,153.5697805069431,60.298697925316944,231.64202857875404,153.5697805069431,153.5697805069431,-5.865511429701436,-5.865511429701436,-5.865511429701436,-5.865511429701436,-5.865511429701436,-5.865511429701436,0.0,0.0,0.0,147.70426907724166
35,2020-05-05,155.3652380558749,67.0634526454869,237.97973664211457,155.3652380558749,155.3652380558749,-2.388675793662373,-2.388675793662373,-2.388675793662373,-2.388675793662373,-2.388675793662373,-2.388675793662373,0.0,0.0,0.0,152.97656226221252
36,2020-05-06,157.1606956048067,65.04006606847932,232.56457133316923,157.1606956048067,157.1606956048067,-3.496042567141515,-3.496042567141515,-3.496042567141515,-3.496042567141515,-3.496042567141515,-3.496042567141515,0.0,0.0,0.0,153.66465303766518
37,2020-05-07,158.95615315373854,70.15965174302075,241.97422027461855,158.95615315373854,158.95615315373854,-3.8448379769229466,-3.8448379769229466,-3.8448379769229466,-3.8448379769229466,-3.8448379769229466,-3.8448379769229466,0.0,0.0,0.0,155.1113151768156
38,2020-05-08,160.75161070267035,64.23707796946832,239.49121458632683,160.75161070267035,160.75161070267035,-7.7605618433536545,-7.7605618433536545,-7.7605618433536545,-7.7605618433536545,-7.7605618433536545,-7.7605618433536545,0.0,0.0,0.0,152.9910488593167
39,2020-05-11,166.13798334946574,77.61912276366728,249.8390666162965,166.13798334946574,166.13798334946574,-5.865511429694453,-5.865511429694453,-5.865511429694453,-5.865511429694453,-5.865511429694453,-5.865511429694453,0.0,0.0,0.0,160.27247191977128
40,2020-05-12,167.93344089839758,80.47996278671094,245.28188858774743,167.93344089839758,167.93344089839758,-2.3886757936666125,-2.3886757936666125,-2.3886757936666125,-2.3886757936666125,-2.3886757936666125,-2.3886757936666125,0.0,0.0,0.0,165.54476510473097
41,2020-05-13,169.72889895414679,77.93475988602273,243.94161198230265,169.72889895414679,169.72889895414679,-3.4960425671383613,-3.4960425671383613,-3.4960425671383613,-3.4960425671383613,-3.4960425671383613,-3.4960425671383613,0.0,0.0,0.0,166.2328563870084
42,2020-05-14,171.52435700989602,85.65202349503159,259.9432021766307,171.52435700989602,171.52435700989602,-3.844837976930614,-3.844837976930614,-3.844837976930614,-3.844837976930614,-3.844837976930614,-3.844837976930614,0.0,0.0,0.0,167.6795190329654
43,2020-05-15,173.31981506564523,78.08223524405852,247.34249024764483,173.31981506564523,173.31981506564523,-7.760561843340573,-7.760561843340573,-7.760561843340573,-7.760561843340573,-7.760561843340573,-7.760561843340573,0.0,0.0,0.0,165.55925322230465
44,2020-05-18,178.7061892328929,88.78111090048817,254.59432205642787,178.7061892328929,178.7061892328929,-5.865511429681063,-5.865511429681063,-5.865511429681063,-5.865511429681063,-5.865511429681063,-5.865511429681063,0.0,0.0,0.0,172.84067780321186
45,2020-05-19,180.50164728864215,98.68811683509026,259.18888248083425,180.50164728864215,180.50164728864215,-2.3886757936708505,-2.3886757936708505,-2.3886757936708505,-2.3886757936708505,-2.3886757936708505,-2.3886757936708505,0.0,0.0,0.0,178.1129714949713
46,2020-05-20,182.29710534439135,90.7706089461228,263.97619556002013,182.29710534439135,182.29710534439135,-3.4960425671395523,-3.4960425671395523,-3.4960425671395523,-3.4960425671395523,-3.4960425671395523,-3.4960425671395523,0.0,0.0,0.0,178.80106277725181
47,2020-05-21,184.0925634001406,96.36121018882857,262.4311082390527,184.0925634001406,184.0925634001406,-3.8448379769382828,-3.8448379769382828,-3.8448379769382828,-3.8448379769382828,-3.8448379769382828,-3.8448379769382828,0.0,0.0,0.0,180.2477254232023
48,2020-05-22,185.88802145588983,95.82000170777202,264.1640785381978,185.88802145588983,185.88802145588983,-7.7605618433274905,-7.7605618433274905,-7.7605618433274905,-7.7605618433274905,-7.7605618433274905,-7.7605618433274905,0.0,0.0,0.0,178.12745961256235
49,2020-05-26,193.06988613457517,101.4417425151591,275.607771833351,193.06988613457517,193.06988613457517,-2.3886757936630594,-2.3886757936630594,-2.3886757936630594,-2.3886757936630594,-2.3886757936630594,-2.3886757936630594,0.0,0.0,0.0,190.68121034091212
50,2020-05-27,194.8653523042465,107.19813344729225,283.64556295138726,194.8653523042465,194.8653523042465,-3.4960425671407434,-3.4960425671407434,-3.4960425671407434,-3.4960425671407434,-3.4960425671407434,-3.4960425671407434,0.0,0.0,0.0,191.36930973710577
51,2020-05-28,196.66081847391783,111.09396570092372,285.44983695397974,196.66081847391783,196.66081847391783,-3.8448379769059615,-3.8448379769059615,-3.8448379769059615,-3.8448379769059615,-3.8448379769059615,-3.8448379769059615,0.0,0.0,0.0,192.81598049701188
52,2020-05-29,198.45628464358916,107.15473797329305,281.6290771957945,198.45628464358916,198.45628464358916,-7.760561843364257,-7.760561843364257,-7.760561843364257,-7.760561843364257,-7.760561843364257,-7.760561843364257,0.0,0.0,0.0,190.6957228002249
53,2020-06-01,203.84268315260312,104.85485628479611,284.0298044377007,203.84268315260312,203.84268315260312,-5.865511429687005,-5.865511429687005,-5.865511429687005,-5.865511429687005,-5.865511429687005,-5.865511429687005,0.0,0.0,0.0,197.9771717229161
54,2020-06-02,205.63814932227444,119.46012203088516,291.49725195985786,205.63814932227444,205.63814932227444,-2.3886757936552687,-2.3886757936552687,-2.3886757936552687,-2.3886757936552687,-2.3886757936552687,-2.3886757936552687,0.0,0.0,0.0,203.24947352861918
55,2020-06-03,207.43361549194577,114.6951730249171,288.9847113740255,207.43361549194577,207.43361549194577,-3.4960425671401687,-3.4960425671401687,-3.4960425671401687,-3.4960425671401687,-3.4960425671401687,-3.4960425671401687,0.0,0.0,0.0,203.9375729248056
56,2020-06-04,209.2290816616171,131.09718291513246,291.9076137003167,209.2290816616171,209.2290816616171,-3.8448379769224776,-3.8448379769224776,-3.8448379769224776,-3.8448379769224776,-3.8448379769224776,-3.8448379769224776,0.0,0.0,0.0,205.3842436846946
57,2020-06-05,211.04688982456008,111.33517426437366,286.1819756130134,211.04688982456008,211.04688982456008,-7.760561843368883,-7.760561843368883,-7.760561843368883,-7.760561843368883,-7.760561843368883,-7.760561843368883,0.0,0.0,0.0,203.2863279811912
58,2020-06-08,216.500314313389,131.14293042984826,292.35407881267247,216.500314313389,216.500314313389,-5.86551142969993,-5.86551142969993,-5.86551142969993,-5.86551142969993,-5.86551142969993,-5.86551142969993,0.0,0.0,0.0,210.63480288368908
59,2020-06-09,218.31812247633198,132.05884227287532,300.37226121340206,218.31812247633198,218.31812247633198,-2.3886757936753047,-2.3886757936753047,-2.3886757936753047,-2.3886757936753047,-2.3886757936753047,-2.3886757936753047,0.0,0.0,0.0,215.92944668265667
60,2020-06-10,220.13593063927493,129.77914846202174,304.2688881270041,220.13593063927493,220.13593063927493,-3.4960425671431254,-3.4960425671431254,-3.4960425671431254,-3.4960425671431254,-3.4960425671431254,-3.4960425671431254,0.0,0.0,0.0,216.6398880721318
61,2020-06-11,221.95373880221788,138.4777708426751,299.97256502953553,221.95373880221788,221.95373880221788,-3.8448379769213,-3.8448379769213,-3.8448379769213,-3.8448379769213,-3.8448379769213,-3.8448379769213,0.0,0.0,0.0,218.1089008252966
62,2020-06-12,223.77154696516087,132.5670624254473,297.9774037064497,223.77154696516087,223.77154696516087,-7.7605618433558,-7.7605618433558,-7.7605618433558,-7.7605618433558,-7.7605618433558,-7.7605618433558,0.0,0.0,0.0,216.01098512180508
63,2020-06-15,229.22497145398978,133.0521448870629,310.5497133161652,229.22497145398978,229.22497145398978,-5.865511429712857,-5.865511429712857,-5.865511429712857,-5.865511429712857,-5.865511429712857,-5.865511429712857,0.0,0.0,0.0,223.35946002427693
64,2020-06-16,231.04277961693276,141.80942550226226,317.62795995406304,231.04277961693276,231.04277961693276,-2.3886757936795426,-2.3886757936795426,-2.3886757936795426,-2.3886757936795426,-2.3886757936795426,-2.3886757936795426,0.0,0.0,0.0,228.65410382325322
65,2020-06-17,232.9158720623166,138.6613684100596,315.9812782156722,232.9158720623166,232.9158720623166,-3.496042567142551,-3.496042567142551,-3.496042567142551,-3.496042567142551,-3.496042567142551,-3.496042567142551,0.0,0.0,0.0,229.41982949517404
66,2020-06-18,234.7889645077005,148.31273719102578,318.90934995789013,234.7889645077005,234.7889645077005,-3.844837976928967,-3.844837976928967,-3.844837976928967,-3.844837976928967,-3.844837976928967,-3.844837976928967,0.0,0.0,0.0,230.94412653077154
67,2020-06-19,236.66205695308435,147.4794081748847,314.7080375040131,236.66205695308435,236.66205695308435,-7.7605618433427175,-7.7605618433427175,-7.7605618433427175,-7.7605618433427175,-7.7605618433427175,-7.7605618433427175,0.0,0.0,0.0,228.90149510974163
68,2020-06-22,242.28133428923596,152.0163609288114,325.2988116944776,242.28133428923596,242.28133428923596,-5.8655114297058715,-5.8655114297058715,-5.8655114297058715,-5.8655114297058715,-5.8655114297058715,-5.8655114297058715,0.0,0.0,0.0,236.4158228595301
69,2020-06-23,244.15442673461982,161.3859789608047,333.42961455431566,244.15442673461982,244.15442673461982,-2.388675793659722,-2.388675793659722,-2.388675793659722,-2.388675793659722,-2.388675793659722,-2.388675793659722,0.0,0.0,0.0,241.7657509409601
70,2020-06-24,246.02751918000368,156.0077937539569,330.6178191659705,246.02751918000368,246.02751918000368,-3.496042567141975,-3.496042567141975,-3.496042567141975,-3.496042567141975,-3.496042567141975,-3.496042567141975,0.0,0.0,0.0,242.5314766128617
71,2020-06-25,247.90061162538757,155.2451498930398,329.49643749352,247.90061162538757,247.90061162538757,-3.8448379769054934,-3.8448379769054934,-3.8448379769054934,-3.8448379769054934,-3.8448379769054934,-3.8448379769054934,0.0,0.0,0.0,244.05577364848207
72,2020-06-26,249.77370407077143,156.37804162355687,328.8775362263561,249.77370407077143,249.77370407077143,-7.7605618433296355,-7.7605618433296355,-7.7605618433296355,-7.7605618433296355,-7.7605618433296355,-7.7605618433296355,0.0,0.0,0.0,242.0131422274418
73,2020-06-29,255.55703703707852,159.28233612978258,333.47256023434375,255.55703703707852,255.55703703707852,-5.8655114297188,-5.8655114297188,-5.8655114297188,-5.8655114297188,-5.8655114297188,-5.8655114297188,0.0,0.0,0.0,249.69152560735972
74,2020-06-30,257.48481469251425,169.51612353152663,339.4395832356022,257.48481469251425,257.48481469251425,-2.3886757936639613,-2.3886757936639613,-2.3886757936639613,-2.3886757936639613,-2.3886757936639613,-2.3886757936639613,0.0,0.0,0.0,255.09613889885028
75,2020-07-01,259.41259234794995,168.3746845986989,343.38535738350197,259.41259234794995,259.41259234794995,-3.496042567138821,-3.496042567138821,-3.496042567138821,-3.496042567138821,-3.496042567138821,-3.496042567138821,0.0,0.0,0.0,255.91654978081112
76,2020-07-02,261.3403700033856,169.02512137342987,345.66605148367336,261.3403700033856,261.3403700033856,-3.8448379769131615,-3.8448379769131615,-3.8448379769131615,-3.8448379769131615,-3.8448379769131615,-3.8448379769131615,0.0,0.0,0.0,257.49553202647246
77,2020-07-06,269.0514806251285,170.63651280504817,348.3890911523075,269.0514806251285,269.0514806251285,-5.865511429685496,-5.865511429685496,-5.865511429685496,-5.865511429685496,-5.865511429685496,-5.865511429685496,0.0,0.0,0.0,263.18596919544296
78,2020-07-07,270.9792582805642,181.99818621557836,357.3023667759893,270.9792582805642,270.9792582805642,-2.388675793656171,-2.388675793656171,-2.388675793656171,-2.388675793656171,-2.388675793656171,-2.388675793656171,0.0,0.0,0.0,268.59058248690803
79,2020-07-08,272.90703593599983,188.87965611214761,361.53606167896874,272.90703593599983,272.90703593599983,-3.4960425671400124,-3.4960425671400124,-3.4960425671400124,-3.4960425671400124,-3.4960425671400124,-3.4960425671400124,0.0,0.0,0.0,269.4109933688598
80,2020-07-09,274.8348135914356,184.10999822676303,361.32615206952266,274.8348135914356,274.8348135914356,-3.8448379769119825,-3.8448379769119825,-3.8448379769119825,-3.8448379769119825,-3.8448379769119825,-3.8448379769119825,0.0,0.0,0.0,270.9899756145236
81,2020-07-10,276.77017002698744,185.58217247345348,356.1735957716416,276.77017002698744,276.77017002698744,-7.7605618433034715,-7.7605618433034715,-7.7605618433034715,-7.7605618433034715,-7.7605618433034715,-7.7605618433034715,0.0,0.0,0.0,269.00960818368395
82,2020-07-13,282.5762393336432,191.70425392262186,360.52204217374214,282.5762393336432,282.5762393336432,-5.865511429698422,-5.865511429698422,-5.865511429698422,-5.865511429698422,-5.865511429698422,-5.865511429698422,0.0,0.0,0.0,276.71072790394476
83,2020-07-14,284.51159576919497,197.49246390975267,371.9911199169099,284.51159576919497,284.51159576919497,-2.38867579364838,-2.38867579364838,-2.38867579364838,-2.38867579364838,-2.38867579364838,-2.38867579364838,0.0,0.0,0.0,282.1229199755466
84,2020-07-15,286.44695220474694,198.87935645682234,366.210904598919,286.44695220474694,286.44695220474694,-3.496042567141203,-3.496042567141203,-3.496042567141203,-3.496042567141203,-3.496042567141203,-3.496042567141203,0.0,0.0,0.0,282.9509096376057
85,2020-07-16,288.38230864029873,195.81115074068373,373.8204001863148,288.38230864029873,288.38230864029873,-3.844837976910806,-3.844837976910806,-3.844837976910806,-3.844837976910806,-3.844837976910806,-3.844837976910806,0.0,0.0,0.0,284.5374706633879
86,2020-07-17,290.31766507585064,192.01828390354473,361.733374123805,290.31766507585064,290.31766507585064,-7.760561843357945,-7.760561843357945,-7.760561843357945,-7.760561843357945,-7.760561843357945,-7.760561843357945,0.0,0.0,0.0,282.5571032324927
87,2020-07-20,296.1237343825063,205.6943199620192,380.01513057057656,296.1237343825063,296.1237343825063,-5.865511429691438,-5.865511429691438,-5.865511429691438,-5.865511429691438,-5.865511429691438,-5.865511429691438,0.0,0.0,0.0,290.2582229528149
88,2020-07-21,298.0590908180582,210.4736224055114,383.4932136661447,298.0590908180582,298.0590908180582,-2.3886757936405876,-2.3886757936405876,-2.3886757936405876,-2.3886757936405876,-2.3886757936405876,-2.3886757936405876,0.0,0.0,0.0,295.67041502441765
89,2020-07-22,299.99444781999256,212.01504156009145,385.9146482168907,299.99444781999256,299.99444781999256,-3.4960425671362816,-3.4960425671362816,-3.4960425671362816,-3.4960425671362816,-3.4960425671362816,-3.4960425671362816,0.0,0.0,0.0,296.4984052528563
90,2020-07-23,301.9298048219269,208.81411879541224,380.96523722768154,301.9298048219269,301.9298048219269,-3.844837976927321,-3.844837976927321,-3.844837976927321,-3.844837976927321,-3.844837976927321,-3.844837976927321,0.0,0.0,0.0,298.0849668449996
91,2020-07-24,303.8651618238613,209.8782618749286,381.34989693314196,303.8651618238613,303.8651618238613,-7.760561843344864,-7.760561843344864,-7.760561843344864,-7.760561843344864,-7.760561843344864,-7.760561843344864,0.0,0.0,0.0,296.1045999805164
92,2020-07-27,309.6712328296643,210.34838449956123,381.6995556330394,309.6712328296643,309.6712328296643,-5.865511429724276,-5.865511429724276,-5.865511429724276,-5.865511429724276,-5.865511429724276,-5.865511429724276,0.0,0.0,0.0,303.80572139994
93,2020-07-28,311.6065898315987,217.62675490882964,393.93678386354134,311.6065898315987,311.6065898315987,-2.3886757936726526,-2.3886757936726526,-2.3886757936726526,-2.3886757936726526,-2.3886757936726526,-2.3886757936726526,0.0,0.0,0.0,309.21791403792605
94,2020-07-29,313.541946833533,226.78167263185708,396.00200570386744,313.541946833533,313.541946833533,-3.4960425671392406,-3.4960425671392406,-3.4960425671392406,-3.4960425671392406,-3.4960425671392406,-3.4960425671392406,0.0,0.0,0.0,310.0459042663938
95,2020-07-30,315.47730383546735,228.0217616055658,398.22602340392444,315.47730383546735,315.47730383546735,-3.8448379769261423,-3.8448379769261423,-3.8448379769261423,-3.8448379769261423,-3.8448379769261423,-3.8448379769261423,0.0,0.0,0.0,311.6324658585412
96,2020-07-31,317.4126608374017,222.57589423217956,394.19872285718355,317.4126608374017,317.4126608374017,-7.760561843331783,-7.760561843331783,-7.760561843331783,-7.760561843331783,-7.760561843331783,-7.760561843331783,0.0,0.0,0.0,309.6520989940699
97,2020-08-03,323.2187335210243,237.57013893589263,402.57117345578047,323.2187335210243,323.2187335210243,-5.865511429717291,-5.865511429717291,-5.865511429717291,-5.865511429717291,-5.865511429717291,-5.865511429717291,0.0,0.0,0.0,317.35322209130703
98,2020-08-04,325.1540910822318,233.51259146280245,402.9789545259341,325.1540910822318,325.1540910822318,-2.3886757936648615,-2.3886757936648615,-2.3886757936648615,-2.3886757936648615,-2.3886757936648615,-2.3886757936648615,0.0,0.0,0.0,322.76541528856694
99,2020-08-05,327.0894486434393,240.17730038115295,410.21728117182965,327.0894486434393,327.0894486434393,-3.496042567138665,-3.496042567138665,-3.496042567138665,-3.496042567138665,-3.496042567138665,-3.496042567138665,0.0,0.0,0.0,323.59340607630065
100,2020-08-06,329.02480620464684,238.9717039897361,416.5441157495763,329.02480620464684,329.02480620464684,-3.8448379769338126,-3.8448379769338126,-3.8448379769338126,-3.8448379769338126,-3.8448379769338126,-3.8448379769338126,0.0,0.0,0.0,325.179968227713
101,2020-08-07,330.96016376585436,242.0923675258368,410.66773972802605,330.96016376585436,330.96016376585436,-7.7605618433187,-7.7605618433187,-7.7605618433187,-7.7605618433187,-7.7605618433187,-7.7605618433187,0.0,0.0,0.0,323.19960192253563
102,2020-08-10,336.7662364494769,249.86902925931312,423.10564238517395,336.7662364494769,336.7662364494769,-5.865511429710307,-5.865511429710307,-5.865511429710307,-5.865511429710307,-5.865511429710307,-5.865511429710307,0.0,0.0,0.0,330.9007250197666
103,2020-08-11,338.7015940106844,250.56738050766708,423.059272429666,338.7015940106844,338.7015940106844,-2.388675793657071,-2.388675793657071,-2.388675793657071,-2.388675793657071,-2.388675793657071,-2.388675793657071,0.0,0.0,0.0,336.31291821702735
104,2020-08-12,340.63695200068105,248.48597726197005,424.86780142833874,340.63695200068105,340.63695200068105,-3.4960425671398565,-3.4960425671398565,-3.4960425671398565,-3.4960425671398565,-3.4960425671398565,-3.4960425671398565,0.0,0.0,0.0,337.1409094335412
105,2020-08-13,342.57230999067764,250.54969077308814,425.6783059818246,342.57230999067764,342.57230999067764,-3.844837976910336,-3.844837976910336,-3.844837976910336,-3.844837976910336,-3.844837976910336,-3.844837976910336,0.0,0.0,0.0,338.7274720137673
106,2020-08-14,344.50766798067434,247.12076150917414,418.86084998023847,344.50766798067434,344.50766798067434,-7.760561843373172,-7.760561843373172,-7.760561843373172,-7.760561843373172,-7.760561843373172,-7.760561843373172,0.0,0.0,0.0,336.74710613730116
107,2020-08-17,350.3137419506643,251.39750713228048,428.9258441827181,350.3137419506643,350.3137419506643,-5.865511429743143,-5.865511429743143,-5.865511429743143,-5.865511429743143,-5.865511429743143,-5.865511429743143,0.0,0.0,0.0,344.44823052092113
108,2020-08-18,352.249099940661,267.79967910105097,437.9465075354138,352.249099940661,352.249099940661,-2.388675793677106,-2.388675793677106,-2.388675793677106,-2.388675793677106,-2.388675793677106,-2.388675793677106,0.0,0.0,0.0,349.86042414698386
109,2020-08-19,354.18445793065763,258.0820822270285,432.5299461365243,354.18445793065763,354.18445793065763,-3.4960425671410476,-3.4960425671410476,-3.4960425671410476,-3.4960425671410476,-3.4960425671410476,-3.4960425671410476,0.0,0.0,0.0,350.6884153635166
110,2020-08-20,356.1198159206543,267.53182412103655,440.93834455354545,356.1198159206543,356.1198159206543,-3.844837976918006,-3.844837976918006,-3.844837976918006,-3.844837976918006,-3.844837976918006,-3.844837976918006,0.0,0.0,0.0,352.27497794373625
111,2020-08-21,358.0551739106509,266.8711000282668,430.3857721304215,358.0551739106509,358.0551739106509,-7.760561843377799,-7.760561843377799,-7.760561843377799,-7.760561843377799,-7.760561843377799,-7.760561843377799,0.0,0.0,0.0,350.29461206727314
112,2020-08-24,363.8612507361706,271.4950287137752,443.66806206091246,363.8612507361706,363.8612507361706,-5.8655114296899304,-5.8655114296899304,-5.8655114296899304,-5.8655114296899304,-5.8655114296899304,-5.8655114296899304,0.0,0.0,0.0,357.99573930648063
113,2020-08-25,365.79660967801044,279.4706313958903,449.18216017961805,365.79660967801044,365.79660967801044,-2.388675793681345,-2.388675793681345,-2.388675793681345,-2.388675793681345,-2.388675793681345,-2.388675793681345,0.0,0.0,0.0,363.4079338843291
114,2020-08-26,367.7319686198503,275.57995200308227,448.1832275737878,367.7319686198503,367.7319686198503,-3.4960425671422386,-3.4960425671422386,-3.4960425671422386,-3.4960425671422386,-3.4960425671422386,-3.4960425671422386,0.0,0.0,0.0,364.23592605270807
115,2020-08-27,369.6673275616902,275.92530698204644,457.1337001215936,369.6673275616902,369.6673275616902,-3.844837976916828,-3.844837976916828,-3.844837976916828,-3.844837976916828,-3.844837976916828,-3.844837976916828,0.0,0.0,0.0,365.82248958477334
116,2020-08-28,371.6026865035301,274.7816538956115,445.1919778246793,371.6026865035301,371.6026865035301,-7.760561843347009,-7.760561843347009,-7.760561843347009,-7.760561843347009,-7.760561843347009,-7.760561843347009,0.0,0.0,0.0,363.84212466018306
117,2020-08-31,377.4087633290497,287.00570142801746,457.90390488021296,377.4087633290497,377.4087633290497,-5.865511429702856,-5.865511429702856,-5.865511429702856,-5.865511429702856,-5.865511429702856,-5.865511429702856,0.0,0.0,0.0,371.54325189934684
118,2020-09-01,379.3441222708896,291.5039220960384,466.9831929694215,379.3441222708896,379.3441222708896,-2.3886757936615246,-2.3886757936615246,-2.3886757936615246,-2.3886757936615246,-2.3886757936615246,-2.3886757936615246,0.0,0.0,0.0,376.95544647722807
119,2020-09-02,381.2794812127294,294.6014865980575,466.1791613746442,381.2794812127294,381.2794812127294,-3.4960425671416626,-3.4960425671416626,-3.4960425671416626,-3.4960425671416626,-3.4960425671416626,-3.4960425671416626,0.0,0.0,0.0,377.78343864558775
120,2020-09-03,383.2148402108388,295.70266624517114,459.732687332404,383.2148402108388,383.2148402108388,-3.8448379769333423,-3.8448379769333423,-3.8448379769333423,-3.8448379769333423,-3.8448379769333423,-3.8448379769333423,0.0,0.0,0.0,379.3700022339055
121,2020-09-04,385.1501992089483,292.1882707062883,460.30383985182704,385.1501992089483,385.1501992089483,-7.760561843351634,-7.760561843351634,-7.760561843351634,-7.760561843351634,-7.760561843351634,-7.760561843351634,0.0,0.0,0.0,377.3896373655967
122,2020-09-08,392.891635201386,306.51957963875907,477.20510459465794,392.891635201386,392.891635201386,-2.3886757936657634,-2.3886757936657634,-2.3886757936657634,-2.3886757936657634,-2.3886757936657634,-2.3886757936657634,0.0,0.0,0.0,390.50295940772025
123,2020-09-09,394.8269941994954,312.59119161485995,478.2581116093319,394.8269941994954,394.8269941994954,-3.4960425671385083,-3.4960425671385083,-3.4960425671385083,-3.4960425671385083,-3.4960425671385083,-3.4960425671385083,0.0,0.0,0.0,391.3309516323569
124,2020-09-10,396.76235319760485,304.6997462637131,476.10712754022046,396.76235319760485,396.76235319760485,-3.844837976901022,-3.844837976901022,-3.844837976901022,-3.844837976901022,-3.844837976901022,-3.844837976901022,0.0,0.0,0.0,392.9175152207038
125,2020-09-11,398.69771219571425,303.48950759846525,481.44763699916786,398.69771219571425,398.69771219571425,-7.760561843338553,-7.760561843338553,-7.760561843338553,-7.760561843338553,-7.760561843338553,-7.760561843338553,0.0,0.0,0.0,390.9371503523757
126,2020-09-14,404.50378919004254,311.18600866252206,482.9917166696799,404.50378919004254,404.50378919004254,-5.86551142968248,-5.86551142968248,-5.86551142968248,-5.86551142968248,-5.86551142968248,-5.86551142968248,0.0,0.0,0.0,398.63827776036004
127,2020-09-15,406.43914818815205,318.91847162375467,492.01155438808155,406.43914818815205,406.43914818815205,-2.3886757936700014,-2.3886757936700014,-2.3886757936700014,-2.3886757936700014,-2.3886757936700014,-2.3886757936700014,0.0,0.0,0.0,404.05047239448203
128,2020-09-16,408.374513192513,318.65006546330096,493.49726613749357,408.374513192513,408.374513192513,-3.4960425671397,-3.4960425671397,-3.4960425671397,-3.4960425671397,-3.4960425671397,-3.4960425671397,0.0,0.0,0.0,404.8784706253733
129,2020-09-17,410.30987819687397,316.5983264566877,490.5347951427998,410.30987819687397,410.30987819687397,-3.8448379769086896,-3.8448379769086896,-3.8448379769086896,-3.8448379769086896,-3.8448379769086896,-3.8448379769086896,0.0,0.0,0.0,406.46504021996526
130,2020-09-18,412.2452432012349,314.78135425474784,489.889428473331,412.2452432012349,412.2452432012349,-7.760561843325472,-7.760561843325472,-7.760561843325472,-7.760561843325472,-7.760561843325472,-7.760561843325472,0.0,0.0,0.0,404.48468135790944
131,2020-09-21,418.0513382143179,330.7496311525043,497.71219128151967,418.0513382143179,418.0513382143179,-5.865511429675497,-5.865511429675497,-5.865511429675497,-5.865511429675497,-5.865511429675497,-5.865511429675497,0.0,0.0,0.0,412.1858267846424
132,2020-09-22,419.9867032186789,329.92332423570565,508.01392652413284,419.9867032186789,419.9867032186789,-2.3886757936501817,-2.3886757936501817,-2.3886757936501817,-2.3886757936501817,-2.3886757936501817,-2.3886757936501817,0.0,0.0,0.0,417.5980274250287
133,2020-09-23,421.9220682230399,337.4207545271464,508.92004186868337,421.9220682230399,421.9220682230399,-3.4960425671408903,-3.4960425671408903,-3.4960425671408903,-3.4960425671408903,-3.4960425671408903,-3.4960425671408903,0.0,0.0,0.0,418.426025655899
134,2020-09-24,423.8574332274009,328.31181066817356,506.9346397478141,423.8574332274009,423.8574332274009,-3.8448379769075123,-3.8448379769075123,-3.8448379769075123,-3.8448379769075123,-3.8448379769075123,-3.8448379769075123,0.0,0.0,0.0,420.0125952504934
135,2020-09-25,425.79279823176194,332.37025789858086,509.96228484396215,425.79279823176194,425.79279823176194,-7.760561843362236,-7.760561843362236,-7.760561843362236,-7.760561843362236,-7.760561843362236,-7.760561843362236,0.0,0.0,0.0,418.0322363883997
136,2020-09-28,431.80939007205603,336.7164103796578,513.8648025091919,431.80939007205603,431.80939007205603,-5.865511429688425,-5.865511429688425,-5.865511429688425,-5.865511429688425,-5.865511429688425,-5.865511429688425,0.0,0.0,0.0,425.9438786423676
137,2020-09-29,433.8149206854874,340.72973392330914,518.6206656704591,433.8149206854874,433.8149206854874,-2.3886757936544196,-2.3886757936544196,-2.3886757936544196,-2.3886757936544196,-2.3886757936544196,-2.3886757936544196,0.0,0.0,0.0,431.42624489183294
138,2020-09-30,435.8204512989187,343.4688496265508,519.8865740601466,435.8204512989187,435.8204512989187,-3.4960425671403144,-3.4960425671403144,-3.4960425671403144,-3.4960425671403144,-3.4960425671403144,-3.4960425671403144,0.0,0.0,0.0,432.3244087317784
139,2020-10-01,437.8259819123501,345.1786622463761,524.3025481941813,437.8259819123501,437.8259819123501,-3.8448379769240275,-3.8448379769240275,-3.8448379769240275,-3.8448379769240275,-3.8448379769240275,-3.8448379769240275,0.0,0.0,0.0,433.981143935426
140,2020-10-02,439.83151252578153,348.3221272000236,520.2366470208246,439.83151252578153,439.83151252578153,-7.760561843366863,-7.760561843366863,-7.760561843366863,-7.760561843366863,-7.760561843366863,-7.760561843366863,0.0,0.0,0.0,432.07095068241466
141,2020-10-05,445.8481043660756,356.41754291152006,523.5208854011178,445.8481043660756,445.8481043660756,-5.86551142970135,-5.86551142970135,-5.86551142970135,-5.86551142970135,-5.86551142970135,-5.86551142970135,0.0,0.0,0.0,439.9825929363742
142,2020-10-06,447.853634979507,361.0094005789877,529.6595728248091,447.853634979507,447.853634979507,-2.3886757936744547,-2.3886757936744547,-2.3886757936744547,-2.3886757936744547,-2.3886757936744547,-2.3886757936744547,0.0,0.0,0.0,445.4649591858325
143,2020-10-07,449.8591655929383,356.21093884784995,531.6110087068773,449.8591655929383,449.8591655929383,-3.4960425671432738,-3.4960425671432738,-3.4960425671432738,-3.4960425671432738,-3.4960425671432738,-3.4960425671432738,0.0,0.0,0.0,446.36312302579506
144,2020-10-08,452.0087777128814,366.8381598628986,536.837859386393,452.0087777128814,452.0087777128814,-3.8448379769228485,-3.8448379769228485,-3.8448379769228485,-3.8448379769228485,-3.8448379769228485,-3.8448379769228485,0.0,0.0,0.0,448.16393973595854
145,2020-10-09,454.1583898328244,361.4784768160451,530.6340814719283,454.1583898328244,454.1583898328244,-7.760561843336072,-7.760561843336072,-7.760561843336072,-7.760561843336072,-7.760561843336072,-7.760561843336072,0.0,0.0,0.0,446.39782798948835
146,2020-10-12,460.60722619265357,363.9949753806848,546.2644795331728,460.60722619265357,460.60722619265357,-5.865511429714277,-5.865511429714277,-5.865511429714277,-5.865511429714277,-5.865511429714277,-5.865511429714277,0.0,0.0,0.0,454.7417147629393
147,2020-10-13,462.7568383125966,379.29187465367295,544.1043092411255,462.7568383125966,462.7568383125966,-2.388675793678695,-2.388675793678695,-2.388675793678695,-2.388675793678695,-2.388675793678695,-2.388675793678695,0.0,0.0,0.0,460.36816251891787
148,2020-10-14,464.90645043253966,372.87436251136694,546.2523294665338,464.90645043253966,464.90645043253966,-3.496042567138352,-3.496042567138352,-3.496042567138352,-3.496042567138352,-3.496042567138352,-3.496042567138352,0.0,0.0,0.0,461.4104078654013
149,2020-10-15,467.0560625524827,382.59896390890253,547.6705063770963,467.0560625524827,467.0560625524827,-3.8448379769305188,-3.8448379769305188,-3.8448379769305188,-3.8448379769305188,-3.8448379769305188,-3.8448379769305188,0.0,0.0,0.0,463.21122457555214
150,2020-10-16,469.2056746724257,373.5587388731963,546.649462338292,469.2056746724257,469.2056746724257,-7.760561843340699,-7.760561843340699,-7.760561843340699,-7.760561843340699,-7.760561843340699,-7.760561843340699,0.0,0.0,0.0,461.44511282908496
151,2020-10-19,475.65451103225485,387.28982312516774,550.2617428953283,475.65451103225485,475.65451103225485,-5.865511429707292,-5.865511429707292,-5.865511429707292,-5.865511429707292,-5.865511429707292,-5.865511429707292,0.0,0.0,0.0,469.78899960254756
152,2020-10-20,477.99597515021406,382.481679011754,561.255952001344,477.99597515021406,477.99597515021406,-2.3886757936588734,-2.3886757936588734,-2.3886757936588734,-2.3886757936588734,-2.3886757936588734,-2.3886757936588734,0.0,0.0,0.0,475.6072993565552
153,2020-10-21,480.33743926817334,389.85392008354967,562.9102571627875,480.33743926817334,480.33743926817334,-3.496042567137777,-3.496042567137777,-3.496042567137777,-3.496042567137777,-3.496042567137777,-3.496042567137777,0.0,0.0,0.0,476.8413967010356
154,2020-10-22,482.67890338613256,394.6990346039847,562.470706597159,482.67890338613256,482.67890338613256,-3.844837976907043,-3.844837976907043,-3.844837976907043,-3.844837976907043,-3.844837976907043,-3.844837976907043,0.0,0.0,0.0,478.8340654092255
155,2020-10-23,485.02036750409195,390.8738442688284,558.2504985891417,485.02036750409195,485.02036750409195,-7.760561843327617,-7.760561843327617,-7.760561843327617,-7.760561843327617,-7.760561843327617,-7.760561843327617,0.0,0.0,0.0,477.25980566076436
156,2020-10-26,492.04475985796967,408.8316575040295,579.6029149094996,492.04475985796967,492.04475985796967,-5.8655114297401285,-5.8655114297401285,-5.8655114297401285,-5.8655114297401285,-5.8655114297401285,-5.8655114297401285,0.0,0.0,0.0,486.1792484282295
157,2020-10-27,494.38622397592906,404.8155583497915,573.8385228618031,494.38622397592906,494.38622397592906,-2.388675793663113,-2.388675793663113,-2.388675793663113,-2.388675793663113,-2.388675793663113,-2.388675793663113,0.0,0.0,0.0,491.9975481822659
158,2020-10-28,496.7276880938882,405.50954931616,578.6924163083521,496.7276880938882,496.7276880938882,-3.496042567140735,-3.496042567140735,-3.496042567140735,-3.496042567140735,-3.496042567140735,-3.496042567140735,0.0,0.0,0.0,493.23164552674746
159,2020-10-29,499.06915221184755,406.88305565864107,583.1340639436347,499.06915221184755,499.06915221184755,-3.8448379769147123,-3.8448379769147123,-3.8448379769147123,-3.8448379769147123,-3.8448379769147123,-3.8448379769147123,0.0,0.0,0.0,495.2243142349328
160,2020-10-30,501.59923008467047,413.5924680571483,583.8044103085483,501.59923008467047,501.59923008467047,-7.760561843332242,-7.760561843332242,-7.760561843332242,-7.760561843332242,-7.760561843332242,-7.760561843332242,0.0,0.0,0.0,493.8386682413382
161,2020-11-02,509.1894637031396,413.6276274484678,589.6672567953757,509.1894637031396,509.1894637031396,-5.865511429686915,-5.865511429686915,-5.865511429686915,-5.865511429686915,-5.865511429686915,-5.865511429686915,0.0,0.0,0.0,503.3239522734527
162,2020-11-03,511.7195415759625,429.5703494868006,595.6381745933779,511.7195415759625,511.7195415759625,-2.3886757936553216,-2.3886757936553216,-2.3886757936553216,-2.3886757936553216,-2.3886757936553216,-2.3886757936553216,0.0,0.0,0.0,509.3308657823072
163,2020-11-04,514.2496194487857,425.85828616487333,593.8638963300433,514.2496194487857,514.2496194487857,-3.49604256714016,-3.49604256714016,-3.49604256714016,-3.49604256714016,-3.49604256714016,-3.49604256714016,0.0,0.0,0.0,510.75357688164553
164,2020-11-05,516.7796973216088,428.36571059923176,595.6112882020815,516.7796973216088,516.7796973216088,-3.8448379769135346,-3.8448379769135346,-3.8448379769135346,-3.8448379769135346,-3.8448379769135346,-3.8448379769135346,0.0,0.0,0.0,512.9348593446953
165,2020-11-06,519.3097751944316,426.70135017119605,594.4274745831638,519.3097751944316,519.3097751944316,-7.760561843301453,-7.760561843301453,-7.760561843301453,-7.760561843301453,-7.760561843301453,-7.760561843301453,0.0,0.0,0.0,511.54921335113016
166,2020-11-09,526.9000088129006,440.9982027753822,606.8782322813139,526.9000088129006,526.9000088129006,-5.865511429699843,-5.865511429699843,-5.865511429699843,-5.865511429699843,-5.865511429699843,-5.865511429699843,0.0,0.0,0.0,521.0344973832008
167,2020-11-10,529.4300866857237,434.18207130817154,612.1367401021365,529.4300866857237,529.4300866857237,-2.3886757936753567,-2.3886757936753567,-2.3886757936753567,-2.3886757936753567,-2.3886757936753567,-2.3886757936753567,0.0,0.0,0.0,527.0414108920484
168,2020-11-11,532.0369622080857,438.1595554232011,609.3823371183472,532.0369622080857,532.0369622080857,-3.49604256714135,-3.49604256714135,-3.49604256714135,-3.49604256714135,-3.49604256714135,-3.49604256714135,0.0,0.0,0.0,528.5409196409444
169,2020-11-12,534.6438377304477,444.322857023954,618.1105210423859,534.6438377304477,534.6438377304477,-3.8448379769300485,-3.8448379769300485,-3.8448379769300485,-3.8448379769300485,-3.8448379769300485,-3.8448379769300485,0.0,0.0,0.0,530.7989997535176
170,2020-11-13,537.2507132528098,434.4720071065412,618.0103938566277,537.2507132528098,537.2507132528098,-7.7605618433559265,-7.7605618433559265,-7.7605618433559265,-7.7605618433559265,-7.7605618433559265,-7.7605618433559265,0.0,0.0,0.0,529.4901514094538
171,2020-11-16,545.0713398198956,450.78513791363065,626.3613200647329,545.0713398198956,545.0713398198956,-5.865511429692857,-5.865511429692857,-5.865511429692857,-5.865511429692857,-5.865511429692857,-5.865511429692857,0.0,0.0,0.0,539.2058283902027
172,2020-11-17,547.6782153422575,456.6890045050431,632.5464678992498,547.6782153422575,547.6782153422575,-2.388675793667565,-2.388675793667565,-2.388675793667565,-2.388675793667565,-2.388675793667565,-2.388675793667565,0.0,0.0,0.0,545.28953954859
173,2020-11-18,550.2850908646195,466.48910774403413,633.1743262880294,550.2850908646195,550.2850908646195,-3.4960425671364295,-3.4960425671364295,-3.4960425671364295,-3.4960425671364295,-3.4960425671364295,-3.4960425671364295,0.0,0.0,0.0,546.7890482974831
174,2020-11-19,552.8919663869815,462.62604228482036,634.9281106222824,552.8919663869815,552.8919663869815,-3.844837976928872,-3.844837976928872,-3.844837976928872,-3.844837976928872,-3.844837976928872,-3.844837976928872,0.0,0.0,0.0,549.0471284100527
175,2020-11-20,555.4988419093435,461.1019846679773,636.9682285064785,555.4988419093435,555.4988419093435,-7.760561843342844,-7.760561843342844,-7.760561843342844,-7.760561843342844,-7.760561843342844,-7.760561843342844,0.0,0.0,0.0,547.7382800660006
176,2020-11-23,563.3194687030474,470.90497811335166,649.4101420324382,563.3194687030474,563.3194687030474,-5.8655114297256965,-5.8655114297256965,-5.8655114297256965,-5.8655114297256965,-5.8655114297256965,-5.8655114297256965,0.0,0.0,0.0,557.4539572733217
177,2020-11-24,565.9263443009486,475.78817493967574,651.7686202242095,565.9263443009486,565.9263443009486,-2.388675793671805,-2.388675793671805,-2.388675793671805,-2.388675793671805,-2.388675793671805,-2.388675793671805,0.0,0.0,0.0,563.5376685072767
178,2020-11-25,568.5332198988499,481.9983648278896,658.3936375461434,568.5332198988499,568.5332198988499,-3.4960425671393867,-3.4960425671393867,-3.4960425671393867,-3.4960425671393867,-3.4960425671393867,-3.4960425671393867,0.0,0.0,0.0,565.0371773317105
179,2020-11-27,573.7469710946524,486.08857047690617,651.8889795231413,573.7469710946524,573.7469710946524,-7.760561843329761,-7.760561843329761,-7.760561843329761,-7.760561843329761,-7.760561843329761,-7.760561843329761,0.0,0.0,0.0,565.9864092513226
180,2020-11-30,581.5675978883562,494.201168843001,655.0046184059863,581.5675978883562,581.5675978883562,-5.865511429718711,-5.865511429718711,-5.865511429718711,-5.865511429718711,-5.865511429718711,-5.865511429718711,0.0,0.0,0.0,575.7020864586375
181,2020-12-01,584.1744734862575,493.99823939599787,665.4442181475886,584.1744734862575,584.1744734862575,-2.3886757936519825,-2.3886757936519825,-2.3886757936519825,-2.3886757936519825,-2.3886757936519825,-2.3886757936519825,0.0,0.0,0.0,581.7857976926056
182,2020-12-02,586.7813490841587,498.32992348536015,670.301856006277,586.7813490841587,586.7813490841587,-3.496042567138813,-3.496042567138813,-3.496042567138813,-3.496042567138813,-3.496042567138813,-3.496042567138813,0.0,0.0,0.0,583.2853065170199
183,2020-12-03,589.3882246820598,506.2965726079772,670.8576577315697,589.3882246820598,589.3882246820598,-3.844837976944208,-3.844837976944208,-3.844837976944208,-3.844837976944208,-3.844837976944208,-3.844837976944208,0.0,0.0,0.0,585.5433867051156
184,2020-12-04,591.9951003208681,504.13319372179404,666.6075386067346,591.9951003208681,591.9951003208681,-7.760561843366527,-7.760561843366527,-7.760561843366527,-7.760561843366527,-7.760561843366527,-7.760561843366527,0.0,0.0,0.0,584.2345384775016
185,2020-12-07,599.8157272372929,506.9104039646299,674.9894509957868,599.8157272372929,599.8157272372929,-5.8655114296654975,-5.8655114296654975,-5.8655114296654975,-5.8655114296654975,-5.8655114296654975,-5.8655114296654975,0.0,0.0,0.0,593.9502158076274
186,2020-12-08,602.4226028761013,512.9486175988228,679.7725657183773,602.4226028761013,602.4226028761013,-2.388675793656222,-2.388675793656222,-2.388675793656222,-2.388675793656222,-2.388675793656222,-2.388675793656222,0.0,0.0,0.0,600.0339270824451
187,2020-12-09,605.0294785149096,522.1157245139215,683.7041986349933,605.0294785149096,605.0294785149096,-3.4960425671400035,-3.4960425671400035,-3.4960425671400035,-3.4960425671400035,-3.4960425671400035,-3.4960425671400035,0.0,0.0,0.0,601.5334359477696
188,2020-12-10,607.6363541537178,519.6970524451227,684.8050200777471,607.6363541537178,607.6363541537178,-3.8448379769118874,-3.8448379769118874,-3.8448379769118874,-3.8448379769118874,-3.8448379769118874,-3.8448379769118874,0.0,0.0,0.0,603.7915161768059
189,2020-12-11,610.243229792526,517.4658456985051,683.7722956665349,610.243229792526,610.243229792526,-7.760561843371153,-7.760561843371153,-7.760561843371153,-7.760561843371153,-7.760561843371153,-7.760561843371153,0.0,0.0,0.0,602.4826679491548
190,2020-12-14,618.063856708951,528.419524177852,703.4942353918884,618.063856708951,618.063856708951,-5.865511429698334,-5.865511429698334,-5.865511429698334,-5.865511429698334,-5.865511429698334,-5.865511429698334,0.0,0.0,0.0,612.1983452792526
191,2020-12-15,620.6707323477592,530.5937221401439,706.7387889987032,620.6707323477592,620.6707323477592,-2.388675793676258,-2.388675793676258,-2.388675793676258,-2.388675793676258,-2.388675793676258,-2.388675793676258,0.0,0.0,0.0,618.2820565540829
192,2020-12-16,623.2776074453254,531.9723254019403,702.7715463231319,623.2776074453254,623.2776074453254,-3.4960425671411937,-3.4960425671411937,-3.4960425671411937,-3.4960425671411937,-3.4960425671411937,-3.4960425671411937,0.0,0.0,0.0,619.7815648781842
193,2020-12-17,625.8844825428913,534.501191319276,709.4226830760173,625.8844825428913,625.8844825428913,-3.8448379769195555,-3.8448379769195555,-3.8448379769195555,-3.8448379769195555,-3.8448379769195555,-3.8448379769195555,0.0,0.0,0.0,622.0396445659718
194,2020-12-18,628.4913576404573,534.4584849996205,705.2181426104615,628.4913576404573,628.4913576404573,-7.760561843340363,-7.760561843340363,-7.760561843340363,-7.760561843340363,-7.760561843340363,-7.760561843340363,0.0,0.0,0.0,620.7307957971169
195,2020-12-21,636.3119829331554,537.1466620352863,716.7261918290887,636.3119829331554,636.3119829331554,-5.865511429691351,-5.865511429691351,-5.865511429691351,-5.865511429691351,-5.865511429691351,-5.865511429691351,0.0,0.0,0.0,630.4464715034641
196,2020-12-22,638.9188580307213,554.6931052189626,722.3902130742866,638.9188580307213,638.9188580307213,-2.388675793680496,-2.388675793680496,-2.388675793680496,-2.388675793680496,-2.388675793680496,-2.388675793680496,0.0,0.0,0.0,636.5301822370408
197,2020-12-23,641.5257331282872,544.9222067139078,720.7076037940287,641.5257331282872,641.5257331282872,-3.496042567142386,-3.496042567142386,-3.496042567142386,-3.496042567142386,-3.496042567142386,-3.496042567142386,0.0,0.0,0.0,638.0296905611449
198,2020-12-24,644.1326082258531,556.8462236568552,724.0731612352893,644.1326082258531,644.1326082258531,-3.8448379769183783,-3.8448379769183783,-3.8448379769183783,-3.8448379769183783,-3.8448379769183783,-3.8448379769183783,0.0,0.0,0.0,640.2877702489347
199,2020-12-28,654.5601086161171,564.8778389288672,730.8228208049735,654.5601086161171,654.5601086161171,-5.865511429704276,-5.865511429704276,-5.865511429704276,-5.865511429704276,-5.865511429704276,-5.865511429704276,0.0,0.0,0.0,648.6945971864128
200,2020-12-29,657.0171253236857,566.5691766438936,738.4131436654739,657.0171253236857,657.0171253236857,-2.3886757936606755,-2.3886757936606755,-2.3886757936606755,-2.3886757936606755,-2.3886757936606755,-2.3886757936606755,0.0,0.0,0.0,654.628449530025
201,2020-12-30,659.4741420312541,570.8226031735712,744.5054147926951,659.4741420312541,659.4741420312541,-3.49604256714181,-3.49604256714181,-3.49604256714181,-3.49604256714181,-3.49604256714181,-3.49604256714181,0.0,0.0,0.0,655.9780994641123
202,2020-12-31,661.9311587388227,573.0467736561734,737.1903973574423,661.9311587388227,661.9311587388227,-3.84483797690375,-3.84483797690375,-3.84483797690375,-3.84483797690375,-3.84483797690375,-3.84483797690375,0.0,0.0,0.0,658.086320761919
203,2021-01-04,671.7592255690968,584.7435243975725,749.96432770085,671.7592255690968,671.7592255690968,-5.865511429717203,-5.865511429717203,-5.865511429717203,-5.865511429717203,-5.865511429717203,-5.865511429717203,0.0,0.0,0.0,665.8937141393795
204,2021-01-05,674.2162422766652,585.6981962007582,755.8692023516526,674.2162422766652,674.2162422766652,-2.3886757936649143,-2.3886757936649143,-2.3886757936649143,-2.3886757936649143,-2.3886757936649143,-2.3886757936649143,0.0,0.0,0.0,671.8275664830003
205,2021-01-06,676.6732589842338,583.8697472427192,757.7776883617369,676.6732589842338,676.6732589842338,-3.4960425671404214,-3.4960425671404214,-3.4960425671404214,-3.4960425671404214,-3.4960425671404214,-3.4960425671404214,0.0,0.0,0.0,673.1772164170934
206,2021-01-07,679.1302756918024,591.8739572014488,755.5539960549987,679.1302756918024,679.1302756918024,-3.8448379769025727,-3.8448379769025727,-3.8448379769025727,-3.8448379769025727,-3.8448379769025727,-3.8448379769025727,0.0,0.0,0.0,675.2854377148998
207,2021-01-08,681.5872923993708,598.5816203944041,764.2911731374896,681.5872923993708,681.5872923993708,-7.760561843336534,-7.760561843336534,-7.760561843336534,-7.760561843336534,-7.760561843336534,-7.760561843336534,0.0,0.0,0.0,673.8267305560342
208,2021-01-11,688.9583425220764,591.7578932820758,774.7153677470131,688.9583425220764,688.9583425220764,-5.865511429683901,-5.865511429683901,-5.865511429683901,-5.865511429683901,-5.865511429683901,-5.865511429683901,0.0,0.0,0.0,683.0928310923924
209,2021-01-12,691.4153592296449,603.0860581427726,780.6623987928206,691.4153592296449,691.4153592296449,-2.388675793669154,-2.388675793669154,-2.388675793669154,-2.388675793669154,-2.388675793669154,-2.388675793669154,0.0,0.0,0.0,689.0266834359758
210,2021-01-13,693.8723759372133,607.4655389916845,787.3538846586615,693.8723759372133,693.8723759372133,-3.4960425671398463,-3.4960425671398463,-3.4960425671398463,-3.4960425671398463,-3.4960425671398463,-3.4960425671398463,0.0,0.0,0.0,690.3763333700734
211,2021-01-14,696.3293926447818,608.6050307212197,774.6322376370483,696.3293926447818,696.3293926447818,-3.8448379769102408,-3.8448379769102408,-3.8448379769102408,-3.8448379769102408,-3.8448379769102408,-3.8448379769102408,0.0,0.0,0.0,692.4845546678716
212,2021-01-15,698.7864093523505,601.0933897281849,777.5864392153425,698.7864093523505,698.7864093523505,-7.760561843323451,-7.760561843323451,-7.760561843323451,-7.760561843323451,-7.760561843323451,-7.760561843323451,0.0,0.0,0.0,691.025847509027
213,2021-01-19,708.6144761826245,614.7561633221563,798.2391885485673,708.6144761826245,708.6144761826245,-2.3886757936493317,-2.3886757936493317,-2.3886757936493317,-2.3886757936493317,-2.3886757936493317,-2.3886757936493317,0.0,0.0,0.0,706.2258003889751
214,2021-01-20,711.071492890193,624.1561494173658,798.9637723501768,711.071492890193,711.071492890193,-3.4960425671410382,-3.4960425671410382,-3.4960425671410382,-3.4960425671410382,-3.4960425671410382,-3.4960425671410382,0.0,0.0,0.0,707.575450323052
215,2021-01-21,713.5285095977614,622.356192649283,802.8037104374389,713.5285095977614,713.5285095977614,-3.844837976917909,-3.844837976917909,-3.844837976917909,-3.844837976917909,-3.844837976917909,-3.844837976917909,0.0,0.0,0.0,709.6836716208435
216,2021-01-22,715.9855263053299,620.8136417259435,797.7968181781525,715.9855263053299,715.9855263053299,-7.760561843360217,-7.760561843360217,-7.760561843360217,-7.760561843360217,-7.760561843360217,-7.760561843360217,0.0,0.0,0.0,708.2249644619698
217,2021-01-25,723.3565764280355,624.9634701382088,801.1785058891537,723.3565764280355,723.3565764280355,-5.865511429689843,-5.865511429689843,-5.865511429689843,-5.865511429689843,-5.865511429689843,-5.865511429689843,0.0,0.0,0.0,717.4910649983457
218,2021-01-26,725.813593135604,638.5338360951123,809.9766623026787,725.813593135604,725.813593135604,-2.3886757936535723,-2.3886757936535723,-2.3886757936535723,-2.3886757936535723,-2.3886757936535723,-2.3886757936535723,0.0,0.0,0.0,723.4249173419505
219,2021-01-27,728.2706098431726,643.6344518679996,816.5583618994381,728.2706098431726,728.2706098431726,-3.496042567136117,-3.496042567136117,-3.496042567136117,-3.496042567136117,-3.496042567136117,-3.496042567136117,0.0,0.0,0.0,724.7745672760365
220,2021-01-28,730.7276265507411,639.2886540857555,807.2645762589343,730.7276265507411,730.7276265507411,-3.8448379769255783,-3.8448379769255783,-3.8448379769255783,-3.8448379769255783,-3.8448379769255783,-3.8448379769255783,0.0,0.0,0.0,726.8827885738156
221,2021-01-29,733.1846432583095,640.411148574567,804.75818920447,733.1846432583095,733.1846432583095,-7.760561843364842,-7.760561843364842,-7.760561843364842,-7.760561843364842,-7.760561843364842,-7.760561843364842,0.0,0.0,0.0,725.4240814149447
222,2021-02-01,740.5556933810152,652.9474689890559,821.8164145773097,740.5556933810152,740.5556933810152,-5.865511429702769,-5.865511429702769,-5.865511429702769,-5.865511429702769,-5.865511429702769,-5.865511429702769,0.0,0.0,0.0,734.6901819513124
223,2021-02-02,743.0127100885836,649.1437991507162,828.7255854300009,743.0127100885836,743.0127100885836,-2.3886757936736074,-2.3886757936736074,-2.3886757936736074,-2.3886757936736074,-2.3886757936736074,-2.3886757936736074,0.0,0.0,0.0,740.62403429491
224,2021-02-03,745.4697267961521,661.4852428798565,831.0026672907297,745.4697267961521,745.4697267961521,-3.496042567139075,-3.496042567139075,-3.496042567139075,-3.496042567139075,-3.496042567139075,-3.496042567139075,0.0,0.0,0.0,741.9736842290131
225,2021-02-04,747.9267435037207,665.6571486512488,828.831176005767,747.9267435037207,747.9267435037207,-3.8448379769244005,-3.8448379769244005,-3.8448379769244005,-3.8448379769244005,-3.8448379769244005,-3.8448379769244005,0.0,0.0,0.0,744.0819055267963
226,2021-02-05,750.3837602112892,659.6011521998487,818.3276773492292,750.3837602112892,750.3837602112892,-7.7605618433340515,-7.7605618433340515,-7.7605618433340515,-7.7605618433340515,-7.7605618433340515,-7.7605618433340515,0.0,0.0,0.0,742.6231983679552
227,2021-02-08,757.7548103339947,663.9235167255129,835.0071250691999,757.7548103339947,757.7548103339947,-5.865511429715694,-5.865511429715694,-5.865511429715694,-5.865511429715694,-5.865511429715694,-5.865511429715694,0.0,0.0,0.0,751.889298904279
228,2021-02-09,760.2118270415633,665.6342911878082,839.2914878322355,760.2118270415633,760.2118270415633,-2.3886757936658145,-2.3886757936658145,-2.3886757936658145,-2.3886757936658145,-2.3886757936658145,-2.3886757936658145,0.0,0.0,0.0,757.8231512478975
229,2021-02-10,762.6688437491317,677.4409272412855,847.2986991735502,762.6688437491317,762.6688437491317,-3.496042567138499,-3.496042567138499,-3.496042567138499,-3.496042567138499,-3.496042567138499,-3.496042567138499,0.0,0.0,0.0,759.1728011819932
230,2021-02-11,765.1258604567003,675.6628425292744,850.4429959547411,765.1258604567003,765.1258604567003,-3.8448379769409144,-3.8448379769409144,-3.8448379769409144,-3.8448379769409144,-3.8448379769409144,-3.8448379769409144,0.0,0.0,0.0,761.2810224797594
231,2021-02-12,767.5828771642688,673.9018739975013,843.5726337204817,767.5828771642688,767.5828771642688,-7.760561843338676,-7.760561843338676,-7.760561843338676,-7.760561843338676,-7.760561843338676,-7.760561843338676,0.0,0.0,0.0,759.8223153209301
232,2021-02-16,777.4109439945428,689.0849162036028,860.7918220094051,777.4109439945428,777.4109439945428,-2.3886757936580256,-2.3886757936580256,-2.3886757936580256,-2.3886757936580256,-2.3886757936580256,-2.3886757936580256,0.0,0.0,0.0,775.0222682008847
233,2021-02-17,779.8679607021114,691.488564434383,867.0537928548476,779.8679607021114,779.8679607021114,-3.4960425671379247,-3.4960425671379247,-3.4960425671379247,-3.4960425671379247,-3.4960425671379247,-3.4960425671379247,0.0,0.0,0.0,776.3719181349735
234,2021-02-18,782.3249774096798,694.6885308843797,865.0669220183366,782.3249774096798,782.3249774096798,-3.844837976908594,-3.844837976908594,-3.844837976908594,-3.844837976908594,-3.844837976908594,-3.844837976908594,0.0,0.0,0.0,778.4801394327712
235,2021-02-19,784.7819941172484,692.2977733491962,862.9186449279658,784.7819941172484,784.7819941172484,-7.760561843325597,-7.760561843325597,-7.760561843325597,-7.760561843325597,-7.760561843325597,-7.760561843325597,0.0,0.0,0.0,777.0214322739228
236,2021-02-22,792.1530442399539,695.6055980739337,870.6657890044739,792.1530442399539,792.1530442399539,-5.865511429741549,-5.865511429741549,-5.865511429741549,-5.865511429741549,-5.865511429741549,-5.865511429741549,0.0,0.0,0.0,786.2875328102124
237,2021-02-23,794.6100609475224,706.816006770466,873.7116573225436,794.6100609475224,794.6100609475224,-2.3886757936900906,-2.3886757936900906,-2.3886757936900906,-2.3886757936900906,-2.3886757936900906,-2.3886757936900906,0.0,0.0,0.0,792.2213851538322
238,2021-02-24,797.0670776550909,705.8303333937702,880.8294184323952,797.0670776550909,797.0670776550909,-3.496042567140883,-3.496042567140883,-3.496042567140883,-3.496042567140883,-3.496042567140883,-3.496042567140883,0.0,0.0,0.0,793.57103508795
239,2021-02-25,799.5240943626594,713.0841292413812,881.6520147967409,799.5240943626594,799.5240943626594,-3.8448379769162626,-3.8448379769162626,-3.8448379769162626,-3.8448379769162626,-3.8448379769162626,-3.8448379769162626,0.0,0.0,0.0,795.6792563857432
240,2021-02-26,801.9811110702279,711.4101852127362,887.8118714369804,801.9811110702279,801.9811110702279,-7.760561843312513,-7.760561843312513,-7.760561843312513,-7.760561843312513,-7.760561843312513,-7.760561843312513,0.0,0.0,0.0,794.2205492269154
241,2021-03-01,809.3521611929335,719.6147695767229,890.0047840000865,809.3521611929335,809.3521611929335,-5.865511429688335,-5.865511429688335,-5.865511429688335,-5.865511429688335,-5.865511429688335,-5.865511429688335,0.0,0.0,0.0,803.4866497632452
242,2021-03-02,811.809177900502,723.463330545401,894.0496065025433,811.809177900502,811.809177900502,-2.3886757936822987,-2.3886757936822987,-2.3886757936822987,-2.3886757936822987,-2.3886757936822987,-2.3886757936822987,0.0,0.0,0.0,809.4205021068198
243,2021-03-03,814.2661946080706,728.0157842914816,893.2065758385085,814.2661946080706,814.2661946080706,-3.496042567140306,-3.496042567140306,-3.496042567140306,-3.496042567140306,-3.496042567140306,-3.496042567140306,0.0,0.0,0.0,810.7701520409303
244,2021-03-04,816.723211315639,732.3514599793831,896.8011152416916,816.723211315639,816.723211315639,-3.8448379769150853,-3.8448379769150853,-3.8448379769150853,-3.8448379769150853,-3.8448379769150853,-3.8448379769150853,0.0,0.0,0.0,812.8783733387239
245,2021-03-05,819.1802280232075,726.2960684456735,891.6057355240298,819.1802280232075,819.1802280232075,-7.76056184334928,-7.76056184334928,-7.76056184334928,-7.76056184334928,-7.76056184334928,-7.76056184334928,0.0,0.0,0.0,811.4196661798583
246,2021-03-08,826.5512781459131,735.1893865657626,908.6352785514026,826.5512781459131,826.5512781459131,-5.865511429701261,-5.865511429701261,-5.865511429701261,-5.865511429701261,-5.865511429701261,-5.865511429701261,0.0,0.0,0.0,820.6857667162118
247,2021-03-09,829.0082948534816,734.7772750490677,908.2145988376774,829.0082948534816,829.0082948534816,-2.3886757936745076,-2.3886757936745076,-2.3886757936745076,-2.3886757936745076,-2.3886757936745076,-2.3886757936745076,0.0,0.0,0.0,826.6196190598072
248,2021-03-10,831.4653115610503,745.1344143082457,912.8650299292806,831.4653115610503,831.4653115610503,-3.4960425671414983,-3.4960425671414983,-3.4960425671414983,-3.4960425671414983,-3.4960425671414983,-3.4960425671414983,0.0,0.0,0.0,827.9692689939088
249,2021-03-11,833.9223282686187,748.9056813783292,922.1906902757875,833.9223282686187,833.9223282686187,-3.8448379769316006,-3.8448379769316006,-3.8448379769316006,-3.8448379769316006,-3.8448379769316006,-3.8448379769316006,0.0,0.0,0.0,830.0774902916871
250,2021-03-12,836.3793449761872,746.5729925134306,916.1604057951236,836.3793449761872,836.3793449761872,-7.760561843353907,-7.760561843353907,-7.760561843353907,-7.760561843353907,-7.760561843353907,-7.760561843353907,0.0,0.0,0.0,828.6187831328333
251,2021-03-13,838.8363616837556,760.2319370112011,933.7736490626365,838.8363616837556,838.8363616837556,11.677814804073911,11.677814804073911,11.677814804073911,11.677814804073911,11.677814804073911,11.677814804073911,0.0,0.0,0.0,850.5141764878296
252,2021-03-14,841.2933783913242,770.1225943183779,936.5514882720294,841.2933783913242,841.2933783913242,11.677814806631984,11.677814806631984,11.677814806631984,11.677814806631984,11.677814806631984,11.677814806631984,0.0,0.0,0.0,852.9711931979562
253,2021-03-15,843.7503950988927,746.1848542066839,919.5456613861296,843.7503950988927,843.7503950988927,-5.8655114297141875,-5.8655114297141875,-5.8655114297141875,-5.8655114297141875,-5.8655114297141875,-5.8655114297141875,0.0,0.0,0.0,837.8848836691785
254,2021-03-16,846.207411806461,761.423180617734,928.8288363748873,846.1985070560155,846.2150714941372,-2.3886757936667165,-2.3886757936667165,-2.3886757936667165,-2.3886757936667165,-2.3886757936667165,-2.3886757936667165,0.0,0.0,0.0,843.8187360127943
255,2021-03-17,848.6644285140297,759.0166964129836,922.9812566375936,848.6278713245897,848.6952186608619,-3.4960425671383426,-3.4960425671383426,-3.4960425671383426,-3.4960425671383426,-3.4960425671383426,-3.4960425671383426,0.0,0.0,0.0,845.1683859468914
256,2021-03-18,851.1214452215983,759.1710001757633,933.8071530301911,851.062754657364,851.1764068377547,-3.8448379769304215,-3.8448379769304215,-3.8448379769304215,-3.8448379769304215,-3.8448379769304215,-3.8448379769304215,0.0,0.0,0.0,847.2766072446678
257,2021-03-19,853.5784619291668,758.7000977899221,931.7847394844026,853.48833223442,853.658010764861,-7.760561843340825,-7.760561843340825,-7.760561843340825,-7.760561843340825,-7.760561843340825,-7.760561843340825,0.0,0.0,0.0,845.817900085826
258,2021-03-20,856.0354786367353,778.8824679577999,955.508573121996,855.9128144461627,856.1483829506477,11.677814804101466,11.677814804101466,11.677814804101466,11.677814804101466,11.677814804101466,11.677814804101466,0.0,0.0,0.0,867.7132934408368
259,2021-03-21,858.4924953443037,782.8734894376161,960.7252472227525,858.3273808131638,858.6471900048883,11.677814806628403,11.677814806628403,11.677814806628403,11.677814806628403,11.677814806628403,11.677814806628403,0.0,0.0,0.0,870.1703101509321
260,2021-03-22,860.9495120518723,763.9971133352905,945.4012488794285,860.7301819145231,861.1509388079344,-5.865511429680886,-5.865511429680886,-5.865511429680886,-5.865511429680886,-5.865511429680886,-5.865511429680886,0.0,0.0,0.0,855.0840006221914
261,2021-03-23,863.4065287594408,775.6820989165553,952.0251863895659,863.1483295181306,863.6595280413909,-2.388675793670955,-2.388675793670955,-2.388675793670955,-2.388675793670955,-2.388675793670955,-2.388675793670955,0.0,0.0,0.0,861.0178529657699
262,2021-03-24,865.8635454670093,779.0082611683429,949.1294761359205,865.5445596703524,866.1559702322966,-3.4960425671395337,-3.4960425671395337,-3.4960425671395337,-3.4960425671395337,-3.4960425671395337,-3.4960425671395337,0.0,0.0,0.0,862.3675028998698
263,2021-03-25,868.3205621745778,783.1737542648051,953.0277481270037,867.9378106661269,868.6553220063562,-3.844837976929243,-3.844837976929243,-3.844837976929243,-3.844837976929243,-3.844837976929243,-3.844837976929243,0.0,0.0,0.0,864.4757241976486
264,2021-03-26,870.7775788821464,775.9363996269681,949.4523074046922,870.3408633692097,871.1582724811065,-7.760561843327742,-7.760561843327742,-7.760561843327742,-7.760561843327742,-7.760561843327742,-7.760561843327742,0.0,0.0,0.0,863.0170170388186
265,2021-03-27,873.2345955897149,802.594234524688,975.6530144144017,872.7379735728479,873.6722665019512,11.677814804105962,11.677814804105962,11.677814804105962,11.677814804105962,11.677814804105962,11.677814804105962,0.0,0.0,0.0,884.9124103938209
266,2021-03-28,875.6916122972834,797.3200803495555,968.5740459134063,875.1460541298218,876.1959297596889,11.677814806674444,11.677814806674444,11.677814806674444,11.677814806674444,11.677814806674444,11.677814806674444,0.0,0.0,0.0,887.3694271039578
267,2021-03-29,878.148629004852,790.4413379811045,953.6952836957023,877.5333529373066,878.7004313342304,-5.8655114296739015,-5.8655114296739015,-5.8655114296739015,-5.8655114296739015,-5.8655114296739015,-5.8655114296739015,0.0,0.0,0.0,872.283117575178
268,2021-03-30,880.6056457124204,790.3706461609221,964.0702895581627,879.941140256655,881.2125877380432,-2.388675793651135,-2.388675793651135,-2.388675793651135,-2.388675793651135,-2.388675793651135,-2.388675793651135,0.0,0.0,0.0,878.2169699187692
269,2021-03-31,883.0626624199889,794.9296376858541,963.4084270874814,882.3267577115067,883.7277440119609,-3.4960425671389594,-3.4960425671389594,-3.4960425671389594,-3.4960425671389594,-3.4960425671389594,-3.4960425671389594,0.0,0.0,0.0,879.56661985285
270,2021-04-01,885.5196791275574,797.6443616854342,970.5615721247171,884.703015378439,886.2538966546792,-3.84483797694576,-3.84483797694576,-3.84483797694576,-3.84483797694576,-3.84483797694576,-3.84483797694576,0.0,0.0,0.0,881.6748411506117
271,2021-04-02,887.976695835126,795.1260152341471,961.0206491614327,887.0954284029192,888.7763091447661,-7.760561843364508,-7.760561843364508,-7.760561843364508,-7.760561843364508,-7.760561843364508,-7.760561843364508,0.0,0.0,0.0,880.2161339917615
272,2021-04-03,890.4337125426945,817.9963266895028,991.1825429101821,889.4844290579962,891.3120441359019,11.677814804110456,11.677814804110456,11.677814804110456,11.677814804110456,11.677814804110456,11.677814804110456,0.0,0.0,0.0,902.1115273468049
273,2021-04-04,892.890729250263,819.5123385619833,995.0957311603968,891.8703820365914,893.8504343277652,11.677814806670861,11.677814806670861,11.677814806670861,11.677814806670861,11.677814806670861,11.677814806670861,0.0,0.0,0.0,904.5685440569339
274,2021-04-05,895.3477459578315,802.7417610919965,975.8671838364507,894.2641622039057,896.3861070629424,-5.865511429706738,-5.865511429706738,-5.865511429706738,-5.865511429706738,-5.865511429706738,-5.865511429706738,0.0,0.0,0.0,889.4822345281248
275,2021-04-06,897.8047626654001,805.6995168126398,982.5862958814845,896.6500461402744,898.9047258976921,-2.388675793655374,-2.388675793655374,-2.388675793655374,-2.388675793655374,-2.388675793655374,-2.388675793655374,0.0,0.0,0.0,895.4160868717447
276,2021-04-07,900.2617793729686,811.2067890200751,986.3195460677839,899.023746629227,901.4381943126433,-3.4960425671401505,-3.4960425671401505,-3.4960425671401505,-3.4960425671401505,-3.4960425671401505,-3.4960425671401505,0.0,0.0,0.0,896.7657368058284
277,2021-04-08,902.718796080537,818.1898380217671,986.0999570408449,901.4082734754213,903.9752272308862,-3.8448379769134373,-3.8448379769134373,-3.8448379769134373,-3.8448379769134373,-3.8448379769134373,-3.8448379769134373,0.0,0.0,0.0,898.8739581036235
278,2021-04-09,905.1758127881055,812.0007917398277,987.0422877581681,903.8009979743282,906.492817292595,-7.760561843369133,-7.760561843369133,-7.760561843369133,-7.760561843369133,-7.760561843369133,-7.760561843369133,0.0,0.0,0.0,897.4152509447364
279,2021-04-10,907.632829495674,835.1692365399666,999.9754660332819,906.19894699705,909.027485173394,11.677814804114952,11.677814804114952,11.677814804114952,11.677814804114952,11.677814804114952,11.677814804114952,0.0,0.0,0.0,919.3106442997889
280,2021-04-11,910.0898462032426,842.1946538907226,1005.5085731189945,908.5738387724966,911.5601086950909,11.677814806643433,11.677814806643433,11.677814806643433,11.677814806643433,11.677814806643433,11.677814806643433,0.0,0.0,0.0,921.7676610098861
